{"cameraMode":{"drawMode":0,"name":"Shaded","section":"Shading Mode"},"sceneLighting":true,"audioPlay":false,"sceneViewState":{"m_AlwaysRefresh":true,"showFog":true,"showSkybox":true,"showFlares":true,"showImageEffects":true,"showParticleSystems":true,"showVisualEffectGraphs":true,"m_FxEnabled":true},"in2DMode":false,"pivot":{"x":-0.19227802753448487,"y":1.3077977895736695,"z":0.8638007640838623},"rotation":{"x":-0.15922188758850099,"y":0.798453688621521,"z":-0.24079103767871858,"w":-0.5285341143608093},"size":4.506455898284912,"orthographic":false}